"p_val"	"avg_log2FC"	"pct.1"	"pct.2"	"p_val_adj"	"cluster"	"gene"
"HLA-DRA"	1.35514817127049e-67	-4.41553723805885	0.3	0.968	1.71737927745109e-63	"0"	"HLA-DRA"
"HLA-DRB1"	9.57584978711313e-60	-3.31007745273424	0.148	0.884	1.21354744352085e-55	"0"	"HLA-DRB1"
"CD74"	3.41536888527694e-51	-3.12210927636938	0.781	0.974	4.32829698831147e-47	"0"	"CD74"
"HLA-DPB1"	1.61311665211824e-46	-3.26989790339025	0.31	0.858	2.04430273322944e-42	"0"	"HLA-DPB1"
"IL32"	9.35713205296152e-44	3.27167076893281	0.808	0.11	1.18582934507181e-39	"0"	"IL32"
"HLA-DRB5"	2.82531608826026e-43	-2.74938874072264	0.084	0.684	3.58052307865223e-39	"0"	"HLA-DRB5"
"CD3D"	1.03466460936073e-42	3.14332578974322	0.771	0.084	1.31123045944286e-38	"0"	"CD3D"
"FTL"	5.71815619054791e-42	-3.06755589001709	0.983	1	7.24661934028136e-38	"0"	"FTL"
"HLA-DPA1"	4.29008050122525e-41	-2.94017062381154	0.266	0.813	5.43681901920276e-37	"0"	"HLA-DPA1"
"HLA-DMA"	1.45815899115962e-39	-2.34748937734144	0.051	0.6	1.84792488949658e-35	"0"	"HLA-DMA"
"LGALS2"	2.42135545875119e-37	-3.10383870315672	0.034	0.535	3.06858377287539e-33	"0"	"LGALS2"
"S100A9"	2.43379484690534e-37	-5.50931392900082	0.145	0.665	3.08434820948314e-33	"0"	"S100A9"
"S100A8"	1.1706269428511e-36	-4.96945170498585	0.074	0.587	1.4835355246752e-32	"0"	"S100A8"
"CD3E"	7.45481579723803e-36	2.41673950792804	0.731	0.09	9.44748805983975e-32	"0"	"CD3E"
"LST1"	1.21018894681119e-33	-3.21243529240271	0.131	0.619	1.53367245229382e-29	"0"	"LST1"
"FTH1"	4.97015935414832e-33	-2.46042533142914	0.99	0.994	6.29868294951216e-29	"0"	"FTH1"
"CST3"	6.16929256261065e-33	-3.86960930532423	0.192	0.665	7.81834446459647e-29	"0"	"CST3"
"LDHB"	3.03884838129205e-32	2.04338837462766	0.842	0.4	3.85113255361141e-28	"0"	"LDHB"
"LY86"	5.94064875438543e-32	-1.95729042630429	0.01	0.432	7.52858416643265e-28	"0"	"LY86"
"FCN1"	7.17546690420991e-32	-3.35514375071169	0.104	0.574	9.09346920770521e-28	"0"	"FCN1"
"HLA-DQA1"	2.88111450633134e-31	-3.05533999952805	0.037	0.477	3.6512364138737e-27	"0"	"HLA-DQA1"
"CFD"	4.36163540770862e-31	-2.42501169944162	0.054	0.51	5.52750055218913e-27	"0"	"CFD"
"GRN"	3.08916566206459e-30	-2.06815705372661	0.054	0.503	3.91489964353446e-26	"0"	"GRN"
"IFI30"	3.73936088966857e-30	-2.03550616985758	0.003	0.394	4.73889205547697e-26	"0"	"IFI30"
"HLA-DQB1"	4.57816993653546e-30	-2.66997011255968	0.054	0.503	5.80191476057139e-26	"0"	"HLA-DQB1"
"MS4A6A"	6.11805787065603e-30	-2.48323874193806	0.01	0.406	7.75341473948239e-26	"0"	"MS4A6A"
"SAT1"	8.69428440331242e-30	-2.0855985510381	0.418	0.845	1.10182666243178e-25	"0"	"SAT1"
"AP1S2"	1.42612247664023e-29	-2.15708466381556	0.101	0.574	1.80732501464616e-25	"0"	"AP1S2"
"OAZ1"	1.4293202714265e-29	-1.35995722154229	0.855	0.961	1.81137757997881e-25	"0"	"OAZ1"
"CD14"	1.70420923767065e-28	-2.1977604846238	0.017	0.406	2.15974436690002e-24	"0"	"CD14"
"TYMP"	2.37723178731076e-28	-2.63823452983138	0.158	0.6	3.01266584405893e-24	"0"	"TYMP"
"SPI1"	3.13582243426118e-28	-1.90229664774954	0.037	0.452	3.9740277709392e-24	"0"	"SPI1"
"TYROBP"	4.93930046426175e-28	-3.19353810092243	0.219	0.639	6.25957547835891e-24	"0"	"TYROBP"
"CYBA"	1.7428337901407e-27	-1.2990101737666	0.795	0.955	2.20869326224531e-23	"0"	"CYBA"
"CTSS"	1.98642640424956e-27	-2.18675652724051	0.32	0.729	2.51739818210546e-23	"0"	"CTSS"
"AIF1"	1.9914804117577e-27	-2.96373260795659	0.192	0.613	2.52380312582054e-23	"0"	"AIF1"
"FCER1G"	4.23304931583037e-27	-2.30101778530449	0.175	0.632	5.36454339795183e-23	"0"	"FCER1G"
"TKT"	9.1784246692621e-26	-1.87873583740912	0.148	0.594	1.16318175833559e-21	"0"	"TKT"
"LYZ"	1.15010490891653e-25	-4.67089566892092	0.512	0.768	1.45752795106992e-21	"0"	"LYZ"
"CD79A"	4.55726845425816e-25	-3.17056043883383	0.037	0.406	5.77542631208137e-21	"0"	"CD79A"
"NCF2"	5.54271878586356e-25	-1.89586201431142	0.02	0.381	7.02428751732489e-21	"0"	"NCF2"
"GPX1"	8.56830799698701e-25	-1.29690426499797	0.266	0.684	1.08586167245816e-20	"0"	"GPX1"
"SERPINA1"	9.70055894251024e-25	-1.95559193373457	0.071	0.471	1.22935183478432e-20	"0"	"SERPINA1"
"GABARAP"	1.43506076837221e-24	-1.66908422046617	0.32	0.703	1.8186525117581e-20	"0"	"GABARAP"
"PSAP"	6.31622065390289e-24	-1.60284828373841	0.357	0.71	8.00454643469113e-20	"0"	"PSAP"
"COTL1"	7.31215063150327e-24	-2.03736982560005	0.498	0.774	9.2666884953041e-20	"0"	"COTL1"
"ARPC3"	9.52907047808469e-24	-1.20568469207226	0.737	0.942	1.20761910168767e-19	"0"	"ARPC3"
"GSTP1"	1.13753460648719e-23	-2.35608818191945	0.31	0.684	1.44159760680122e-19	"0"	"GSTP1"
"FAM26F"	1.21897622442026e-23	-1.68354521313483	0.057	0.439	1.54480856920779e-19	"0"	"FAM26F"
"LGALS1"	1.86683133652893e-23	-2.66045102356584	0.327	0.665	2.36583535278311e-19	"0"	"LGALS1"
"CFP"	2.37449932916287e-23	-1.78080270991476	0.051	0.419	3.00920299984811e-19	"0"	"CFP"
"CD7"	4.20305826353237e-23	2.12410949720442	0.529	0.052	5.32653573737458e-19	"0"	"CD7"
"GIMAP7"	5.58240316616879e-23	1.86526343315171	0.667	0.213	7.07457953248571e-19	"0"	"GIMAP7"
"LCK"	7.33708441359014e-23	1.79798351948112	0.532	0.052	9.29828707734279e-19	"0"	"LCK"
"CDA"	3.04362297607407e-22	-2.12752164096282	0.017	0.335	3.85718339757867e-18	"0"	"CDA"
"CD37"	3.93719974771897e-22	-1.43437135175697	0.69	0.89	4.98961324028425e-18	"0"	"CD37"
"IL7R"	4.59079358607518e-22	2.15565481383339	0.556	0.103	5.81791271163308e-18	"0"	"IL7R"
"NPC2"	4.60537648809359e-22	-2.22027522253484	0.226	0.6	5.83639362336101e-18	"0"	"NPC2"
"PYCARD"	6.2393268859098e-22	-1.95655880988323	0.175	0.568	7.90709896251349e-18	"0"	"PYCARD"
"CD2"	1.16938150741944e-21	2.18710684565258	0.495	0.052	1.48195718435265e-17	"0"	"CD2"
"MS4A1"	1.22450086280269e-21	-2.25377915020578	0.047	0.387	1.55180994342985e-17	"0"	"MS4A1"
"LGALS3"	1.80274163225919e-21	-1.92846431942817	0.108	0.49	2.28461447056207e-17	"0"	"LGALS3"
"IFITM1"	2.54511586986333e-21	1.86857441624236	0.609	0.155	3.2254253418778e-17	"0"	"IFITM1"
"HLA-DQA2"	2.98252930907781e-21	-1.83452519385116	0.01	0.303	3.77975939339431e-17	"0"	"HLA-DQA2"
"SLC7A7"	4.21494906012648e-21	-1.56455260622785	0.01	0.303	5.34160494389829e-17	"0"	"SLC7A7"
"CEBPD"	5.09951744115355e-21	-1.78099475907088	0.084	0.465	6.4626184531739e-17	"0"	"CEBPD"
"MNDA"	2.41719761602023e-20	-1.45291896235872	0.007	0.284	3.06331453878244e-16	"0"	"MNDA"
"FGR"	7.98302747859726e-20	-1.49502632115109	0.064	0.413	1.01168907236263e-15	"0"	"FGR"
"FCGRT"	2.1954619565115e-19	-1.58379749750359	0.081	0.432	2.78230893748702e-15	"0"	"FCGRT"
"IFITM3"	2.91552919956279e-19	-2.0785655333319	0.071	0.4	3.69485015460592e-15	"0"	"IFITM3"
"BLVRB"	1.23723030850938e-18	-1.41781786314736	0.054	0.374	1.56794196997394e-14	"0"	"BLVRB"
"IGSF6"	1.82249792267244e-18	-1.51076307387674	0.01	0.271	2.30965161740278e-14	"0"	"IGSF6"
"FPR1"	2.34844504797123e-18	-1.40285629511658	0.013	0.277	2.97618440929394e-14	"0"	"FPR1"
"TCL1A"	3.26514763836534e-18	-2.74147683981336	0.01	0.265	4.13792160210039e-14	"0"	"TCL1A"
"RARRES3"	5.56970274846759e-18	1.68069916533521	0.589	0.181	7.05848429313298e-14	"0"	"RARRES3"
"CD68"	6.65227705475227e-18	-1.56694316430092	0.054	0.368	8.43043071148755e-14	"0"	"CD68"
"RNASE6"	2.11258930332158e-17	-1.3764390400657	0.013	0.265	2.67728442409944e-13	"0"	"RNASE6"
"CD247"	2.73319795220089e-17	2.07355195948231	0.387	0.019	3.46378176482419e-13	"0"	"CD247"
"C19orf38"	2.84058939155592e-17	-1.18735795767665	0.007	0.245	3.59987893591882e-13	"0"	"C19orf38"
"CTSW"	3.83671937327994e-17	2.51190454181332	0.451	0.071	4.86227446175767e-13	"0"	"CTSW"
"LILRA5"	4.49530310207448e-17	-1.10134661351343	0.003	0.232	5.69689762125899e-13	"0"	"LILRA5"
"AES"	5.6060590360735e-17	1.37995200348588	0.657	0.232	7.10455861641595e-13	"0"	"AES"
"BRI3"	6.61254324914245e-17	-1.47935938131655	0.071	0.374	8.38007605963822e-13	"0"	"BRI3"
"PILRA"	8.15860104427048e-17	-1.28899933881238	0.007	0.239	1.0339395103404e-12	"0"	"PILRA"
"ALDH2"	9.4308867865718e-17	-1.40808546169593	0.017	0.265	1.19517628246224e-12	"0"	"ALDH2"
"ODF3B"	1.1082540524537e-16	-1.44695760638604	0.027	0.29	1.40449036067457e-12	"0"	"ODF3B"
"HLA-DMB"	1.43194542585162e-16	-1.7527141523948	0.061	0.361	1.81470443818176e-12	"0"	"HLA-DMB"
"APOBEC3A"	1.44378912172801e-16	-1.53304085760106	0.02	0.271	1.82971395396591e-12	"0"	"APOBEC3A"
"IRF8"	1.94215731414202e-16	-1.39424986006831	0.02	0.271	2.46129596421218e-12	"0"	"IRF8"
"HCK"	2.02469992441133e-16	-1.17420037674232	0.027	0.29	2.56590221420647e-12	"0"	"HCK"
"RNF130"	1.01875966166857e-15	-1.37792862103028	0.051	0.329	1.29107411923258e-11	"0"	"RNF130"
"EVL"	1.49740680190178e-15	1.20686239665663	0.684	0.31	1.89766364005012e-11	"0"	"EVL"
"CTSH"	1.58520491343137e-15	-1.33764927956487	0.057	0.335	2.00893018679158e-11	"0"	"CTSH"
"MPEG1"	1.63924228112761e-15	-1.06716744408167	0.01	0.232	2.07741174287302e-11	"0"	"MPEG1"
"ATP6V0B"	1.75498452250484e-15	-1.68607297676806	0.182	0.51	2.22409188537039e-11	"0"	"ATP6V0B"
"SMCO4"	2.31644581198559e-15	-1.00455594725151	0.017	0.252	2.93563177752933e-11	"0"	"SMCO4"
"NUP214"	2.70603211436032e-15	-1.30345340088426	0.027	0.271	3.42935449852884e-11	"0"	"NUP214"
"ASGR1"	4.12693982992282e-15	-1.08514005860702	0.003	0.206	5.2300708464612e-11	"0"	"ASGR1"
"TNFSF13B"	5.11135723150138e-15	-1.34055120378581	0.044	0.303	6.4776230194817e-11	"0"	"TNFSF13B"
"CALM1"	5.39158258409601e-15	1.19753238026713	0.754	0.497	6.83275260882487e-11	"0"	"CALM1"
"LYL1"	8.7007999978373e-15	-1.156141354457	0.013	0.232	1.10265238372592e-10	"0"	"LYL1"
"BANK1"	1.0790401714095e-14	-1.23638227682716	0.027	0.265	1.36746760922726e-10	"0"	"BANK1"
"CSF3R"	1.31586967405194e-14	-1.32784781881287	0.027	0.265	1.66760163792602e-10	"0"	"CSF3R"
"RBP7"	1.46425533851401e-14	-1.53463948473976	0	0.187	1.85565079049881e-10	"0"	"RBP7"
"CD79B"	1.77752456347299e-14	-2.31541311165737	0.125	0.406	2.25265687928932e-10	"0"	"CD79B"
"LINC00926"	2.5696963358533e-14	-1.73433487236106	0.01	0.213	3.25657616642688e-10	"0"	"LINC00926"
"LAT"	3.42116287424042e-14	1.46633929829306	0.337	0.019	4.33563971052489e-10	"0"	"LAT"
"SCPEP1"	3.56328856310457e-14	-1.35349868796994	0.037	0.284	4.51575559602243e-10	"0"	"SCPEP1"
"CAPG"	5.00522417629513e-14	-1.23649749602956	0.074	0.348	6.34312059861882e-10	"0"	"CAPG"
"GIMAP5"	5.54825375468578e-14	1.44579195204876	0.411	0.077	7.03130198331329e-10	"0"	"GIMAP5"
"GZMM"	1.13147340323591e-13	1.62808708132758	0.33	0.019	1.43391624392087e-09	"0"	"GZMM"
"S100A12"	1.3225521176814e-13	-1.36690562799257	0	0.174	1.67607029873763e-09	"0"	"S100A12"
"LGALS9"	1.75595847601517e-13	-1.12038776499104	0.054	0.31	2.22532617665402e-09	"0"	"LGALS9"
"STX11"	2.073881515007e-13	-1.56633432814479	0.034	0.265	2.62823004396837e-09	"0"	"STX11"
"VPREB3"	2.63231605754138e-13	-1.38916283247634	0.003	0.181	3.33593413972219e-09	"0"	"VPREB3"
"CPVL"	5.25902091497375e-13	-1.1154558836527	0.013	0.206	6.66475720554624e-09	"0"	"CPVL"
"GZMA"	1.28783815998964e-12	2.38986331645558	0.3	0.019	1.63207730015487e-08	"0"	"GZMA"
"EAF2"	1.48374566401271e-12	-1.09858058957389	0.013	0.2	1.8803508800033e-08	"0"	"EAF2"
"PRKCQ-AS1"	1.56813413752654e-12	1.34162299185305	0.279	0.006	1.98729639248739e-08	"0"	"PRKCQ-AS1"
"NCF1"	2.06893949439966e-12	-1.27346078881516	0.057	0.29	2.62196702125269e-08	"0"	"NCF1"
"CD3G"	2.10754282227291e-12	1.38948824356561	0.323	0.032	2.67088901866645e-08	"0"	"CD3G"
"S100A11"	3.89354056935383e-12	-1.33736299940011	0.451	0.639	4.93428396354211e-08	"0"	"S100A11"
"APLP2"	4.89167515604226e-12	-1.06293772904878	0.077	0.329	6.19921992525236e-08	"0"	"APLP2"
"TSPO"	5.2574202346017e-12	-1.46178485578954	0.367	0.6	6.66272866331073e-08	"0"	"TSPO"
"RAB32"	6.07082152367205e-12	-1.28385015646578	0.007	0.174	7.69355211694959e-08	"0"	"RAB32"
"KLF4"	7.656031495099e-12	-1.10690399494861	0.03	0.232	9.70248871373897e-08	"0"	"KLF4"
"CST7"	8.37251108358445e-12	2.69974529342537	0.293	0.026	1.06104832962266e-07	"0"	"CST7"
"YBX3"	1.0916805120653e-11	-1.01977634482195	0.034	0.239	1.38348671294035e-07	"0"	"YBX3"
"BLVRA"	1.20879988732003e-11	-1.19706366595822	0.081	0.329	1.53191209720067e-07	"0"	"BLVRA"
"CEBPB"	1.40752396002049e-11	-1.4391156881745	0.178	0.452	1.78375511453397e-07	"0"	"CEBPB"
"RAC1"	1.51795955977728e-11	-1.11639495868967	0.296	0.561	1.92371015010574e-07	"0"	"RAC1"
"AGTRAP"	1.67139831984014e-11	-1.01716219256899	0.04	0.252	2.11816309073341e-07	"0"	"AGTRAP"
"TRAT1"	2.51637285247565e-11	1.16733339729108	0.266	0.013	3.18899931594239e-07	"0"	"TRAT1"
"CNPY3"	2.85683050631706e-11	-1.11614102091425	0.162	0.432	3.62046130065561e-07	"0"	"CNPY3"
"AP2S1"	3.71345761468693e-11	-1.24303747743451	0.219	0.477	4.70606483509274e-07	"0"	"AP2S1"
"CCL5"	4.26384619610873e-11	3.32047730712885	0.407	0.129	5.40357228432859e-07	"0"	"CCL5"
"PIK3IP1"	7.92079350101436e-11	1.27708545351569	0.35	0.071	1.00380216038355e-06	"0"	"PIK3IP1"
"RGS2"	8.08540667356157e-11	-1.28697452214319	0.152	0.413	1.02466358774046e-06	"0"	"RGS2"
"RP11-290F20.3"	1.06171840723606e-10	-1.07008909378106	0.024	0.2	1.34551573749026e-06	"0"	"RP11-290F20.3"
"ANXA2"	1.3102268878042e-10	-1.18408753821362	0.303	0.581	1.66045053491426e-06	"0"	"ANXA2"
"PLBD1"	1.98432960962848e-10	-1.53013253675271	0.017	0.181	2.51474091428217e-06	"0"	"PLBD1"
"S100A6"	2.5594078823791e-10	-1.60333815882873	0.741	0.723	3.24353760933903e-06	"0"	"S100A6"
"NKG7"	4.09625358520296e-10	3.94589930274963	0.384	0.129	5.19118216852772e-06	"0"	"NKG7"
"GIMAP4"	8.67270811633882e-10	1.08267136046603	0.542	0.252	1.09909229958362e-05	"0"	"GIMAP4"
"TALDO1"	1.03616834662566e-09	-1.58201894620322	0.273	0.523	1.3131361456787e-05	"0"	"TALDO1"
"SPOCK2"	1.14476348305212e-09	1.0197977647253	0.266	0.032	1.45075876207195e-05	"0"	"SPOCK2"
"C1orf162"	1.27988658990594e-09	-1.02021640316961	0.269	0.542	1.6220002753878e-05	"0"	"C1orf162"
"LINC00936"	2.87726034206146e-09	-1.16878559597745	0.158	0.394	3.64635203149449e-05	"0"	"LINC00936"
"AQP3"	3.83999612860495e-09	1.18026531802313	0.232	0.019	4.86642709378105e-05	"0"	"AQP3"
"FCER2"	8.79690485584297e-09	-1.17527511631805	0.007	0.129	0.000111483175238098	"0"	"FCER2"
"STXBP2"	2.33805241541673e-08	-1.12731206131468	0.168	0.387	0.000296301382605762	"0"	"STXBP2"
"C4orf48"	3.56220083513963e-08	-1.07784176954711	0.064	0.239	0.000451437711837245	"0"	"C4orf48"
"FLT3LG"	3.58075402970712e-08	1.02106557882787	0.219	0.019	0.000453788958184784	"0"	"FLT3LG"
"DUSP2"	8.10945467103041e-08	1.23349523469991	0.33	0.103	0.00102771119045968	"0"	"DUSP2"
"MAL"	8.77730181100019e-08	1.03413804100686	0.202	0.019	0.00111234745850805	"0"	"MAL"
"MIR24-2"	8.89200313179275e-08	-1.00700522332409	0.051	0.213	0.00112688355689209	"0"	"MIR24-2"
"PPP2R5C"	1.0671901267197e-07	1.07237986587672	0.32	0.097	0.00135245004759188	"0"	"PPP2R5C"
"IGLL5"	2.19708216325351e-07	-2.00671037346281	0.007	0.11	0.00278436222549117	"0"	"IGLL5"
"ARL4C"	2.75361279833782e-07	1.06439988742832	0.266	0.065	0.00348965349933352	"0"	"ARL4C"
"S100A4"	3.88693336300462e-07	-1.21918322799797	0.801	0.729	0.00492591065093576	"0"	"S100A4"
"PRF1"	4.11438229769218e-07	1.88953357110842	0.242	0.058	0.0052141566858653	"0"	"PRF1"
"GZMH"	6.45433171944307e-07	1.94173454575749	0.182	0.019	0.00817957458805021	"0"	"GZMH"
"CD8B"	1.04706549173204e-06	1.52823217174887	0.185	0.026	0.0132694609767201	"0"	"CD8B"
"FGFBP2"	1.18701982894447e-06	1.96271539096557	0.152	0.006	0.0150431022922133	"0"	"FGFBP2"
"ZAP70"	1.21544370511954e-06	1.12907486999067	0.189	0.026	0.0154033180749799	"0"	"ZAP70"
"TIMP1"	1.42313286283624e-06	-1.03727995228762	0.219	0.413	0.0180353627707237	"0"	"TIMP1"
"C12orf57"	2.79137708045997e-06	1.03721795505979	0.347	0.142	0.0353751217406691	"0"	"C12orf57"
"C20orf27"	3.31407457723233e-06	-1.42773571304117	0.051	0.187	0.0419992671172653	"0"	"C20orf27"
"NDUFS7"	3.36240066346004e-06	-1.04807501361008	0.205	0.4	0.0426117036080291	"0"	"NDUFS7"
"CD8A"	5.29307120043726e-06	1.09332820472091	0.172	0.026	0.0670790913231413	"0"	"CD8A"
"GZMB"	5.97735695703796e-06	2.7779956628134	0.178	0.032	0.0757510447165421	"0"	"GZMB"
"SERPINB1"	1.51980158101838e-05	-1.41278865505415	0.263	0.465	0.192604454362459	"0"	"SERPINB1"
"HOPX"	1.76129247686368e-05	1.10064024788488	0.172	0.032	0.223208595592934	"0"	"HOPX"
"SPON2"	1.85846432641667e-05	1.21269491080202	0.135	0.013	0.235523184086784	"0"	"SPON2"
"CCL4"	6.02859552123164e-05	1.87925965510132	0.155	0.032	0.764003910405686	"0"	"CCL4"
"C16orf74"	8.0953892539777e-05	-1.16675641801266	0.024	0.11	1	"0"	"C16orf74"
"GZMK"	0.000115917164787593	1.55237150304387	0.138	0.026	1	"0"	"GZMK"
"GBP1"	0.000407912256350398	1.03583834681485	0.138	0.032	1	"0"	"GBP1"
"EIF2AK4"	0.000496084756846093	-1.18252608026853	0.003	0.052	1	"0"	"EIF2AK4"
"LAT2"	0.000799293655642421	-1.24921956275545	0.047	0.135	1	"0"	"LAT2"
"CAT"	0.00126821601919967	-1.11724146866679	0.091	0.2	1	"0"	"CAT"
"GPKOW"	0.00617777918516492	1.09471201427859	0.061	0.006	1	"0"	"GPKOW"
"LGALS2.1"	2.88827883934656e-73	3.74695562313143	0.863	0.031	3.6603157731039e-69	"1"	"LGALS2"
"S100A8.1"	5.16497433123984e-71	5.67331043959613	0.916	0.073	6.54557196998025e-67	"1"	"S100A8"
"S100A9.1"	1.65960130674966e-68	6.16168405676517	0.979	0.148	2.10321273604385e-64	"1"	"S100A9"
"FCN1.1"	5.96154467090054e-66	4.07125674015962	0.905	0.095	7.55506556143226e-62	"1"	"FCN1"
"LST1.1"	5.68140300997309e-65	3.84488055730173	0.937	0.129	7.20004203453889e-61	"1"	"LST1"
"CST3.1"	1.15285106617191e-64	4.59702336365269	0.979	0.188	1.46100815615966e-60	"1"	"CST3"
"AIF1.1"	1.54131091747176e-63	3.71665736021631	0.968	0.168	1.95330332571196e-59	"1"	"AIF1"
"TYROBP.1"	7.75271361473343e-63	3.99317685918788	0.979	0.199	9.82501396395167e-59	"1"	"TYROBP"
"CFD.1"	1.83943893182878e-61	3.0520868270624	0.811	0.05	2.33112095830661e-57	"1"	"CFD"
"FCER1G.1"	2.17377918870096e-61	3.07483733377717	0.989	0.157	2.75483036584073e-57	"1"	"FCER1G"
"LGALS1.1"	1.39812481857297e-57	3.44237326912389	1	0.294	1.77184358257752e-53	"1"	"LGALS1"
"TYMP.1"	1.88263834595278e-56	3.2492369997974	0.905	0.151	2.38586757582596e-52	"1"	"TYMP"
"CD14.1"	3.16178361628206e-56	2.80178659995775	0.663	0.014	4.00692837691425e-52	"1"	"CD14"
"MS4A6A.1"	3.74765643102307e-54	3.05496465620061	0.642	0.014	4.74940499503554e-50	"1"	"MS4A6A"
"LYZ.1"	6.84080904639565e-54	5.37448537505751	1	0.493	8.66935730449721e-50	"1"	"LYZ"
"IFI30.1"	1.51935528707987e-53	2.54274186437142	0.621	0.008	1.92547895531632e-49	"1"	"IFI30"
"AP1S2.1"	1.42092096761186e-51	2.683903348021	0.842	0.109	1.80073314225451e-47	"1"	"AP1S2"
"GRN.1"	1.38897904794424e-50	2.52178204823998	0.747	0.064	1.76025314745973e-46	"1"	"GRN"
"FTL.1"	3.13959812227682e-50	3.58063855895635	1	0.986	3.97881270036142e-46	"1"	"FTL"
"FTH1.1"	2.37080121668439e-49	3.01297392787909	1	0.989	3.00451638190413e-45	"1"	"FTH1"
"SERPINA1.1"	4.08910873139042e-47	2.50960062213829	0.726	0.07	5.18212749529108e-43	"1"	"SERPINA1"
"GSTP1.1"	4.61445452444874e-47	2.97385396740675	0.947	0.303	5.84789821883389e-43	"1"	"GSTP1"
"LGALS3.1"	5.41047698882787e-47	2.57857604003185	0.779	0.095	6.85669748794156e-43	"1"	"LGALS3"
"S100A6.1"	2.53058574835864e-46	2.45329467906893	1	0.664	3.20701131889491e-42	"1"	"S100A6"
"CFP.1"	1.35263641826219e-45	2.32001847744164	0.663	0.048	1.71419613286367e-41	"1"	"CFP"
"COTL1.1"	2.20509373763399e-45	2.60069917168618	0.989	0.487	2.79451529370355e-41	"1"	"COTL1"
"PSAP.1"	1.41630641421443e-44	2.19587039816343	0.947	0.353	1.79488511873395e-40	"1"	"PSAP"
"CEBPD.1"	1.45135902170744e-44	2.41757572865268	0.737	0.076	1.83930728820984e-40	"1"	"CEBPD"
"SPI1.1"	2.68497902826218e-44	2.22749546374393	0.663	0.05	3.40267392251666e-40	"1"	"SPI1"
"NCF2.1"	6.89872309844073e-44	2.39545892367601	0.589	0.025	8.74275178265394e-40	"1"	"NCF2"
"MALAT1"	1.93836691663939e-43	-1.69516950951454	1	1	2.4564923934571e-39	"1"	"MALAT1"
"S100A4.1"	4.29270408575055e-43	2.10864146921259	1	0.717	5.44014388787167e-39	"1"	"S100A4"
"OAZ1.1"	5.42743338925109e-43	1.77647498330975	1	0.863	6.8781863341979e-39	"1"	"OAZ1"
"TKT.1"	3.94440923354852e-42	2.32897821740095	0.832	0.16	4.99874982167604e-38	"1"	"TKT"
"CDA.1"	7.03531369601713e-42	2.68100173454422	0.537	0.017	8.91585304696251e-38	"1"	"CDA"
"IFITM3.1"	4.45740645333396e-41	2.722485314041	0.642	0.062	5.64887119831013e-37	"1"	"IFITM3"
"NPC2.1"	1.24585442824768e-40	2.73196729456814	0.842	0.224	1.57887131691829e-36	"1"	"NPC2"
"S100A11.1"	1.80691326679159e-40	2.13138949791645	0.958	0.398	2.28990118300498e-36	"1"	"S100A11"
"GABARAP.1"	3.59438887752353e-40	2.07441560981797	0.905	0.331	4.55516902448557e-36	"1"	"GABARAP"
"CTSS.1"	3.87987629935996e-40	2.57835125806014	0.916	0.339	4.91696723417888e-36	"1"	"CTSS"
"GPX1.1"	1.12365872930447e-39	1.90428390618341	0.895	0.28	1.42401270764756e-35	"1"	"GPX1"
"SAT1.1"	7.1837841915202e-39	2.49393836450148	0.958	0.459	9.10400970591355e-35	"1"	"SAT1"
"FCGRT.1"	9.37497526949198e-39	2.09146527327343	0.674	0.076	1.18809061590272e-34	"1"	"FCGRT"
"BLVRB.1"	1.00272093287664e-38	1.97767156575074	0.6	0.048	1.27074823823457e-34	"1"	"BLVRB"
"RPS27A"	6.11215378095397e-38	-1.63870600068397	0.905	0.992	7.74593248660297e-34	"1"	"RPS27A"
"PYCARD.1"	3.38747780397633e-37	2.42320806982401	0.789	0.182	4.2929506209792e-33	"1"	"PYCARD"
"FPR1.1"	4.86757224647966e-36	1.9075788437213	0.453	0.011	6.16867430796368e-32	"1"	"FPR1"
"RPL9"	3.36851481757506e-35	-1.45360625447657	0.947	0.989	4.26891882831287e-31	"1"	"RPL9"
"BRI3.1"	5.29969176971337e-35	2.03604525398208	0.589	0.064	6.71629937975775e-31	"1"	"BRI3"
"MNDA.1"	5.93542016300622e-35	1.88366813257236	0.442	0.011	7.52195797257779e-31	"1"	"MNDA"
"SLC7A7.1"	6.54364844892797e-35	1.97330729803537	0.463	0.017	8.29276567932641e-31	"1"	"SLC7A7"
"RPS27"	7.93624145385698e-35	-1.25739838390851	0.979	0.989	1.00575987944729e-30	"1"	"RPS27"
"IGSF6.1"	7.60023343559689e-34	1.98970269318013	0.432	0.011	9.63177583293194e-30	"1"	"IGSF6"
"PTPRCAP"	1.04542091429172e-32	-3.02841150446309	0.116	0.815	1.3248619246819e-28	"1"	"PTPRCAP"
"RPL23A"	1.18143965825548e-32	-1.11288378791918	0.989	0.992	1.49723847890717e-28	"1"	"RPL23A"
"CD68.1"	1.36667399856361e-32	2.08153726778924	0.558	0.056	1.73198595837966e-28	"1"	"CD68"
"TNFSF13B.1"	3.32832706392956e-32	1.89480441408751	0.495	0.036	4.21798888811793e-28	"1"	"TNFSF13B"
"RPS6"	1.26841636568744e-31	-1.00806991002956	1	0.992	1.6074640602357e-27	"1"	"RPS6"
"APOBEC3A.1"	2.33827894943075e-31	2.04054818914931	0.432	0.02	2.96330091261359e-27	"1"	"APOBEC3A"
"CYBA.1"	2.86862102516882e-31	1.50033931125479	0.989	0.812	3.63540342519644e-27	"1"	"CYBA"
"RPL21"	5.29981451828483e-31	-1.24115573906069	0.989	0.994	6.71645493902237e-27	"1"	"RPL21"
"TSPO.1"	7.98838058015642e-31	2.09214210764987	0.853	0.339	1.01236747092322e-26	"1"	"TSPO"
"RAC1.1"	1.17445441073295e-30	1.77987351248124	0.832	0.269	1.48838607472187e-26	"1"	"RAC1"
"RPS3A"	2.17998624942287e-30	-1.3570603875382	0.958	0.98	2.76269657389361e-26	"1"	"RPS3A"
"ODF3B.1"	2.60987839461489e-30	1.90547743773295	0.453	0.028	3.30749888949545e-26	"1"	"ODF3B"
"PILRA.1"	3.16903348882742e-30	1.7329232984911	0.379	0.008	4.01611614039099e-26	"1"	"PILRA"
"LILRA5.1"	3.87660954018361e-30	1.46325899426673	0.368	0.006	4.91282727027469e-26	"1"	"LILRA5"
"CSF3R.1"	5.06567670321117e-30	1.8550897124758	0.432	0.022	6.41973208597951e-26	"1"	"CSF3R"
"FGR.1"	9.07675604477264e-30	1.75714961092662	0.589	0.076	1.15029729355404e-25	"1"	"FGR"
"ALDH2.1"	2.14131485005939e-29	1.83749894945619	0.411	0.02	2.71368830948027e-25	"1"	"ALDH2"
"RNF130.1"	2.33446722048149e-29	1.85080036481014	0.505	0.05	2.95847030851619e-25	"1"	"RNF130"
"NUP214.1"	2.55810481253032e-29	1.71707694986883	0.432	0.025	3.24188622891967e-25	"1"	"NUP214"
"C19orf38.1"	4.37870603376764e-29	1.56113968006781	0.379	0.011	5.54913415659373e-25	"1"	"C19orf38"
"ASGR1.1"	1.45409595821408e-28	1.51298521686269	0.337	0.003	1.8427758078447e-24	"1"	"ASGR1"
"HCK.1"	3.10871450013713e-28	1.56412246792728	0.442	0.031	3.93967388602378e-24	"1"	"HCK"
"STX11.1"	3.13796789570945e-28	2.14633179054089	0.432	0.028	3.97674671423259e-24	"1"	"STX11"
"RPL31"	3.91393886077586e-28	-1.16186058833056	0.937	0.992	4.96013471826125e-24	"1"	"RPL31"
"RPSA"	5.72307009094553e-28	-1.38088218758265	0.863	0.975	7.25284672625528e-24	"1"	"RPSA"
"ANXA2.1"	2.09546770520033e-27	1.8290589174935	0.832	0.283	2.65558622280038e-23	"1"	"ANXA2"
"RBP7.1"	4.75210225024431e-27	2.03399264341721	0.305	0	6.02233918173461e-23	"1"	"RBP7"
"SMCO4.1"	8.2919427612822e-27	1.36504271480762	0.389	0.02	1.05083790613729e-22	"1"	"SMCO4"
"GAPDH"	8.7061996384206e-27	1.21675472593243	0.989	0.832	1.10333668017704e-22	"1"	"GAPDH"
"RPS25"	3.14944779698405e-26	-1.03818696015954	0.958	0.989	3.99129519311789e-22	"1"	"RPS25"
"AP2S1.1"	5.29398247954677e-26	1.77521236541225	0.705	0.202	6.70906399632962e-22	"1"	"AP2S1"
"RPS23"	1.00067222746913e-25	-1.07696380629281	0.958	0.992	1.26815191387163e-21	"1"	"RPS23"
"RPS15A"	1.28720610280981e-25	-1.05596770494158	0.958	0.983	1.63127629409087e-21	"1"	"RPS15A"
"BST1"	1.73424526315483e-25	1.24273198883143	0.316	0.006	2.19780902199611e-21	"1"	"BST1"
"LTB"	2.73031793978316e-25	-3.09238299025565	0.284	0.784	3.4601319250872e-21	"1"	"LTB"
"S100A12.1"	3.43788969719798e-25	1.83856332985082	0.284	0	4.356837613259e-21	"1"	"S100A12"
"AGTRAP.1"	6.68852044905456e-25	1.51042672334107	0.411	0.034	8.47636196508684e-21	"1"	"AGTRAP"
"CD33"	8.01532504343379e-25	1.28205491387498	0.295	0.003	1.01578214275436e-20	"1"	"CD33"
"KLF4.1"	9.51106300498796e-25	1.59232218309157	0.379	0.025	1.20533701462212e-20	"1"	"KLF4"
"CEBPB.1"	2.05946066251565e-24	1.95761619670598	0.663	0.168	2.60995449760608e-20	"1"	"CEBPB"
"IL32.1"	3.49025191748069e-24	-3.22729955692966	0.105	0.692	4.42319625502327e-20	"1"	"IL32"
"MAFB"	1.01008631532532e-23	1.39741372769705	0.337	0.017	1.28008238741178e-19	"1"	"MAFB"
"CPVL.1"	1.02526522903306e-23	1.53796429680485	0.326	0.014	1.2993186247536e-19	"1"	"CPVL"
"BLVRA.1"	1.04786824925278e-23	1.68972450683641	0.505	0.076	1.32796343227805e-19	"1"	"BLVRA"
"TALDO1.1"	1.10902000267857e-23	2.21325191801333	0.758	0.252	1.40546104939455e-19	"1"	"TALDO1"
"TGFBI"	2.19584116122968e-23	1.2718758850571	0.316	0.011	2.78278950362637e-19	"1"	"TGFBI"
"RGS2.1"	3.31696956820829e-23	1.82775393652146	0.611	0.143	4.20359553379037e-19	"1"	"RGS2"
"TNFAIP2"	8.37735435306456e-23	1.23967343239531	0.284	0.006	1.06166211716387e-18	"1"	"TNFAIP2"
"ARPC1B"	1.16685278138281e-22	1.54821048830135	0.937	0.644	1.47875252984643e-18	"1"	"ARPC1B"
"RPL30"	1.65589180600355e-22	-1.00119515111377	0.989	0.986	2.0985116857483e-18	"1"	"RPL30"
"FOLR3"	1.98248899036332e-22	1.32245231880653	0.253	0	2.51240829748744e-18	"1"	"FOLR3"
"TIMP1.1"	4.27397009011242e-22	1.75407598635728	0.663	0.185	5.41640229519947e-18	"1"	"TIMP1"
"RPS29"	5.50879835516792e-22	-1.18966288676631	0.821	0.941	6.9813001555043e-18	"1"	"RPS29"
"RP11-290F20.3.1"	6.75476054387285e-22	1.53511320968056	0.326	0.02	8.56030803725006e-18	"1"	"RP11-290F20.3"
"CD3D.1"	1.28742339898669e-21	-2.82204053496315	0.105	0.65	1.63155167353583e-17	"1"	"CD3D"
"TMEM176B"	1.48091625602825e-21	1.34399198919428	0.284	0.008	1.8767651712646e-17	"1"	"TMEM176B"
"ARPC3.1"	1.6439198496659e-21	1.27675563873823	0.968	0.765	2.0833396254816e-17	"1"	"ARPC3"
"PLAUR"	2.89394470418403e-21	1.43184775292253	0.358	0.031	3.66749612361242e-17	"1"	"PLAUR"
"MTMR11"	3.29713279685196e-21	1.31661518110225	0.253	0.003	4.1784563934505e-17	"1"	"MTMR11"
"NEAT1"	3.7816651483764e-21	1.46346113110438	0.905	0.546	4.79250424253741e-17	"1"	"NEAT1"
"HLA-DRB1.1"	3.8200239870078e-21	1.30726674955306	0.842	0.283	4.84111639873498e-17	"1"	"HLA-DRB1"
"CTSH.1"	8.37055197406732e-21	1.55784811728365	0.453	0.073	1.06080005167355e-16	"1"	"CTSH"
"PLBD1.1"	8.54839341187014e-21	2.05987534597317	0.295	0.014	1.0833378970863e-16	"1"	"PLBD1"
"CTSD"	8.67622090407668e-21	1.57408039423365	0.558	0.123	1.09953747517364e-16	"1"	"CTSD"
"RPL5"	9.35958098052772e-21	-1.08368825783721	0.895	0.989	1.18613969766228e-16	"1"	"RPL5"
"RAB32.1"	9.55908243596587e-21	1.70678671800502	0.274	0.008	1.21142251710996e-16	"1"	"RAB32"
"MPEG1.1"	1.15506531795675e-20	1.20351035104666	0.326	0.022	1.46381427744659e-16	"1"	"MPEG1"
"ATP6V0B.1"	2.19615589346808e-20	1.98651851399674	0.653	0.199	2.7831883637921e-16	"1"	"ATP6V0B"
"CD3E.1"	3.16719400324562e-20	-2.31091244056394	0.074	0.627	4.01378496031317e-16	"1"	"CD3E"
"DDX5"	8.72377875261972e-20	-1.50393515578108	0.516	0.838	1.1055644813195e-15	"1"	"DDX5"
"VSTM1"	1.0211182219716e-19	1.14373418262923	0.274	0.011	1.2940631227046e-15	"1"	"VSTM1"
"STXBP2.1"	1.06937903480289e-19	1.68042337253932	0.579	0.154	1.3552240508057e-15	"1"	"STXBP2"
"FGL2"	1.23531056076908e-19	1.23170138735969	0.305	0.02	1.56550907366265e-15	"1"	"FGL2"
"S100A10"	1.43571453287323e-19	1.44088671143162	0.874	0.566	1.81948102751025e-15	"1"	"S100A10"
"QPCT"	2.4057671263252e-19	1.15570998519147	0.232	0.003	3.04882867919193e-15	"1"	"QPCT"
"C1orf162.1"	5.09462702243891e-19	1.47336926264879	0.737	0.263	6.45642082553682e-15	"1"	"C1orf162"
"MS4A7"	5.6235725672604e-19	1.2858507595254	0.253	0.008	7.1267535144891e-15	"1"	"MS4A7"
"LY86.1"	6.1048997582101e-19	1.38532522348491	0.453	0.076	7.73673946357966e-15	"1"	"LY86"
"CLEC7A"	7.55540567250466e-19	1.09362370699966	0.263	0.011	9.57496560876515e-15	"1"	"CLEC7A"
"CNPY3.1"	1.6867254972128e-18	1.45910420134863	0.589	0.165	2.13758722261778e-14	"1"	"CNPY3"
"FAM26F.1"	1.84328099504798e-18	1.38046936223903	0.505	0.104	2.33599000502431e-14	"1"	"FAM26F"
"CD300LF"	1.98514666614537e-18	1.00042837015195	0.221	0.003	2.51577637000603e-14	"1"	"CD300LF"
"RPS13"	2.05562231930733e-18	-1.03578376719352	0.926	0.966	2.60509016525817e-14	"1"	"RPS13"
"LDHB.1"	2.54934878057201e-18	-1.91790677938983	0.421	0.762	3.2307897096189e-14	"1"	"LDHB"
"CXCR4"	3.29117081205608e-18	-2.11348946085932	0.253	0.697	4.17090077011867e-14	"1"	"CXCR4"
"LRRC25"	3.88502813565444e-18	1.19843169275195	0.253	0.011	4.92349615631487e-14	"1"	"LRRC25"
"C5AR1"	3.92567762489371e-18	1.36705449396866	0.274	0.017	4.9750112540278e-14	"1"	"C5AR1"
"SLC31A2"	4.42486435555019e-18	1.13097830418109	0.253	0.011	5.60763059778876e-14	"1"	"SLC31A2"
"FKBP1A"	6.24958776691722e-18	1.36522233906267	0.737	0.328	7.92010257701419e-14	"1"	"FKBP1A"
"ARHGEF40"	2.58666838284956e-17	1.00291149211509	0.221	0.006	3.27808484158524e-13	"1"	"ARHGEF40"
"CAPG.1"	3.89107505007258e-17	1.36902590069494	0.453	0.092	4.93115941095697e-13	"1"	"CAPG"
"CTSB"	1.31255730296509e-16	1.41952958655143	0.453	0.101	1.66340387004766e-12	"1"	"CTSB"
"PGLS"	1.69287785251243e-16	1.0535930680916	0.621	0.21	2.145384102489e-12	"1"	"PGLS"
"VCAN"	1.95667607636923e-16	1.31644197449487	0.326	0.039	2.47969559158272e-12	"1"	"VCAN"
"GPBAR1"	1.97424700823607e-16	1.05719570560714	0.211	0.006	2.50196323353757e-12	"1"	"GPBAR1"
"CPPED1"	2.54871956157419e-16	1.10750056688191	0.263	0.02	3.22999230038297e-12	"1"	"CPPED1"
"FCGR2A"	2.71208156581102e-16	1.14336713993693	0.253	0.017	3.4370209683523e-12	"1"	"FCGR2A"
"IFI6"	2.82069098194557e-16	1.45455729637066	0.684	0.249	3.57466168141963e-12	"1"	"IFI6"
"ANXA5"	7.1061382499259e-16	1.30630152192706	0.6	0.196	9.00560900413109e-12	"1"	"ANXA5"
"PGD"	8.45743860949992e-16	1.18929557640266	0.337	0.048	1.07181119498193e-11	"1"	"PGD"
"LINC00936.1"	8.87999920751931e-16	1.5442026194016	0.537	0.16	1.12536229956892e-11	"1"	"LINC00936"
"VIM"	1.01088020797077e-15	1.40966873734267	0.895	0.739	1.28108848756136e-11	"1"	"VIM"
"TBXAS1"	1.03384366664419e-15	1.15956405837812	0.305	0.036	1.31019007873818e-11	"1"	"TBXAS1"
"HLA-DRB5.1"	1.2712646954123e-15	1.20913219405543	0.632	0.199	1.61107374849601e-11	"1"	"HLA-DRB5"
"PRELID1"	1.45060745266482e-15	1.41507786088894	0.737	0.331	1.83835482476213e-11	"1"	"PRELID1"
"AES.1"	1.61901545001292e-15	-1.80819901315321	0.158	0.605	2.05177827980137e-11	"1"	"AES"
"IL1B"	1.94838842239116e-15	1.35766647366086	0.242	0.017	2.46919264769631e-11	"1"	"IL1B"
"RPSAP58"	2.34846397703558e-15	-1.25319491147027	0.495	0.807	2.97620839809719e-11	"1"	"RPSAP58"
"C4orf48.1"	3.0139235990887e-15	1.43025736987141	0.358	0.062	3.81954537712510e-11	"1"	"C4orf48"
"MYL12A"	3.30396146272024e-15	-1.19920538441147	0.737	0.905	4.18711036170536e-11	"1"	"MYL12A"
"LGALS9.1"	4.888580054935e-15	1.07237882988039	0.4	0.073	6.19529750361912e-11	"1"	"LGALS9"
"CTSZ"	6.7181575399634e-15	1.21754877713925	0.295	0.036	8.51392105039562e-11	"1"	"CTSZ"
"APLP2.1"	7.81284976617335e-15	1.13417473401527	0.432	0.092	9.90122450867149e-11	"1"	"APLP2"
"SCO2"	8.62400804874905e-15	1.16198121112785	0.368	0.064	1.09292054001797e-10	"1"	"SCO2"
"ALDOA"	1.30063174050032e-14	1.18901201279458	0.874	0.653	1.64829060473605e-10	"1"	"ALDOA"
"MSRB1"	1.8298149239114e-14	1.10250149574233	0.305	0.042	2.31892445307292e-10	"1"	"MSRB1"
"EIF4A2"	1.85146976391786e-14	-1.60950921031924	0.337	0.711	2.3463676318131e-10	"1"	"EIF4A2"
"DUSP6"	3.202480500142e-14	1.01406201334136	0.263	0.028	4.05850353782996e-10	"1"	"DUSP6"
"FCGR1A"	5.21418772495989e-14	1.01082938001427	0.168	0.003	6.60794010384167e-10	"1"	"FCGR1A"
"BTG1"	7.67180329283897e-14	-1.20769231940991	0.716	0.908	9.72247631301482e-10	"1"	"BTG1"
"ASAH1"	8.97372692240212e-14	1.37840983162088	0.495	0.157	1.13724041287602e-09	"1"	"ASAH1"
"EVL.1"	9.73573303567021e-14	-1.44232158740753	0.242	0.639	1.23380944761049e-09	"1"	"EVL"
"CYBB"	1.41113941240012e-13	1.12266828659077	0.253	0.028	1.78833697733467e-09	"1"	"CYBB"
"CD7.1"	1.71953922723985e-13	-2.08649765746239	0.042	0.451	2.17917206268107e-09	"1"	"CD7"
"BID"	1.9562133221274e-13	1.1381038382768	0.379	0.081	2.47910914313206e-09	"1"	"BID"
"NAPRT1"	2.59183895211099e-13	1.04250336004574	0.326	0.056	3.28463750401025e-09	"1"	"NAPRT1"
"LAMTOR2"	2.87834432647987e-13	1.14690377165838	0.474	0.132	3.64772576494794e-09	"1"	"LAMTOR2"
"GLTSCR2"	3.10299913639757e-13	-1.13251842477729	0.642	0.852	3.93243080555664e-09	"1"	"GLTSCR2"
"RETN"	3.92899052424752e-13	1.10446092157637	0.158	0.003	4.97920969137888e-09	"1"	"RETN"
"NPM1"	4.16578511646866e-13	-1.08699299915689	0.621	0.849	5.27929947810073e-09	"1"	"NPM1"
"EIF4EBP1"	6.07794203529443e-13	1.04125981982772	0.305	0.05	7.70257594132864e-09	"1"	"EIF4EBP1"
"ATP6V0D1"	9.52270435557835e-13	1.1517403374575	0.358	0.076	1.20681232298244e-08	"1"	"ATP6V0D1"
"MIR24-2.1"	9.80954290347809e-13	1.3687488667025	0.305	0.053	1.24316337215778e-08	"1"	"MIR24-2"
"CSTB"	1.15989662839033e-12	1.29951757799535	0.621	0.261	1.46993699715907e-08	"1"	"CSTB"
"C20orf24"	1.34068532123414e-12	1.17441215526152	0.558	0.199	1.69905050760003e-08	"1"	"C20orf24"
"ATP6V1F"	1.5553463822074e-12	1.06402737181587	0.642	0.266	1.97109047017144e-08	"1"	"ATP6V1F"
"HLA-DMA.1"	1.98325705332307e-12	1.03403424101354	0.526	0.162	2.51338166367633e-08	"1"	"HLA-DMA"
"GCA"	2.86405863909404e-12	1.05721004377224	0.316	0.059	3.62962151332388e-08	"1"	"GCA"
"RHOG"	3.15432503012784e-12	1.15768175097442	0.632	0.263	3.99747611068102e-08	"1"	"RHOG"
"SERPINB1.1"	3.17017278574521e-12	1.97255502409117	0.632	0.252	4.0175599713749e-08	"1"	"SERPINB1"
"CD69"	3.26582852293589e-12	-1.90478757180124	0.084	0.459	4.13878448711666e-08	"1"	"CD69"
"LCK.1"	4.46473658152913e-12	-1.57078590650385	0.063	0.448	5.65816066977187e-08	"1"	"LCK"
"C20orf27.1"	4.80765736566717e-12	1.93989926794294	0.284	0.048	6.09274417951e-08	"1"	"C20orf27"
"FOSB"	4.83037294458209e-12	1.08676217991474	0.726	0.417	6.12153163266888e-08	"1"	"FOSB"
"CARD16"	6.48906968481494e-12	1.07822465173444	0.526	0.174	8.22359801156597e-08	"1"	"CARD16"
"IL2RG"	7.9912988046097e-12	-1.66543851351627	0.147	0.504	1.01273729750819e-07	"1"	"IL2RG"
"C10orf54"	9.57345218807021e-12	1.13352163927794	0.6	0.255	1.21324359579414e-07	"1"	"C10orf54"
"RHOB"	1.79431367924044e-11	1.27133089518595	0.305	0.059	2.27393372570141e-07	"1"	"RHOB"
"STK17A"	1.81857216748971e-11	-1.81370335143188	0.074	0.431	2.30467650785971e-07	"1"	"STK17A"
"IFITM1.1"	2.21150638126042e-11	-1.67621376451542	0.168	0.529	2.80264203697133e-07	"1"	"IFITM1"
"IL7R.1"	3.54194397894854e-11	-1.90348693693044	0.126	0.473	4.48870560452148e-07	"1"	"IL7R"
"CCL3"	3.83218730009854e-11	1.41139966663108	0.337	0.081	4.85653096541489e-07	"1"	"CCL3"
"HSBP1"	4.874419095057e-11	1.07298264444932	0.358	0.087	6.17735131916574e-07	"1"	"HSBP1"
"NOP10"	6.11751539026582e-11	1.02544152630531	0.526	0.204	7.75272725408388e-07	"1"	"NOP10"
"AMICA1"	6.8769179100794e-11	1.04114091961925	0.495	0.171	8.71511806744363e-07	"1"	"AMICA1"
"NDUFS7.1"	7.03168823464774e-11	1.38668510720921	0.537	0.202	8.91125849976908e-07	"1"	"NDUFS7"
"SEPT7"	7.36989792914161e-11	-1.51170510205356	0.074	0.423	9.33987164560116e-07	"1"	"SEPT7"
"CD2.1"	1.14812236114705e-10	-1.88293908667089	0.074	0.415	1.45501546828166e-06	"1"	"CD2"
"HLA-DPA1.1"	2.45158059818926e-10	1.03740936758255	0.716	0.384	3.10688809208525e-06	"1"	"HLA-DPA1"
"NFKBIA"	4.14534472438808e-10	1.1452533632176	0.684	0.37	5.25339536921701e-06	"1"	"NFKBIA"
"NINJ1"	4.99705306546138e-10	1.03926630045822	0.284	0.059	6.33276534985921e-06	"1"	"NINJ1"
"ISG15"	5.59060417225782e-10	1.3533354884372	0.642	0.331	7.08497266750234e-06	"1"	"ISG15"
"H2AFY"	6.17603649465344e-10	1.33254565178591	0.505	0.204	7.82689104967431e-06	"1"	"H2AFY"
"ARRB2"	1.78803579989185e-09	1.53968323196106	0.432	0.154	2.26597776920294e-05	"1"	"ARRB2"
"CD247.1"	2.02899150376719e-09	-1.86073936675301	0.021	0.325	2.57134093272416e-05	"1"	"CD247"
"CTSW.1"	3.55345297144311e-09	-2.33743200575509	0.084	0.384	4.50329095070985e-05	"1"	"CTSW"
"ISG20"	5.11571120666544e-09	-1.4046057931134	0.189	0.504	6.48314081220711e-05	"1"	"ISG20"
"JUND"	7.45635423847355e-09	1.14347080228792	0.326	0.095	9.44943772641753e-05	"1"	"JUND"
"RARRES3.1"	7.7728356703203e-09	-1.39019238309514	0.2	0.515	9.85051464499692e-05	"1"	"RARRES3"
"TNFRSF1A"	8.9059274507406e-09	1.32239132128651	0.189	0.028	0.000112864818583236	"1"	"TNFRSF1A"
"ACAP1"	1.01710804963294e-08	-1.29189483689055	0.084	0.387	0.000128898103129982	"1"	"ACAP1"
"ZNF467"	1.20486199436698e-08	1.2943377130729	0.116	0.006	0.000152692160546127	"1"	"ZNF467"
"GIMAP7.1"	1.60226907339543e-08	-1.3866368951231	0.316	0.563	0.000203055559671403	"1"	"GIMAP7"
"SCPEP1.1"	2.24145467866042e-08	1.1566587198185	0.295	0.076	0.000284059551426634	"1"	"SCPEP1"
"RHOH"	2.45207435963872e-08	-1.26291926884604	0.021	0.297	0.000310751383597015	"1"	"RHOH"
"JUN"	2.89506596229599e-08	-1.25101521558511	0.568	0.737	0.000366891709401771	"1"	"JUN"
"CALM1.1"	4.86455658062257e-08	-1.05638564197614	0.547	0.697	0.000616485255462299	"1"	"CALM1"
"LAT.1"	5.32469543148332e-08	-1.36969179702144	0.021	0.283	0.000674798652031881	"1"	"LAT"
"CD53"	5.58620524604778e-08	-1.08465576055422	0.305	0.56	0.000707939790831635	"1"	"CD53"
"SELL"	7.60637330642882e-08	-1.16521458411209	0.295	0.56	0.000963955689123725	"1"	"SELL"
"UBB"	8.11566134777657e-08	-1.06202443917861	0.674	0.81	0.00102849776260373	"1"	"UBB"
"TNFSF10"	1.07585438856413e-07	1.30351248083341	0.368	0.126	0.00136343026662732	"1"	"TNFSF10"
"SOD2"	1.16123138916546e-07	1.14046039898793	0.337	0.118	0.00147162853948939	"1"	"SOD2"
"GZMM.1"	1.17292460898961e-07	-1.50644351532136	0.021	0.277	0.00148644735697253	"1"	"GZMM"
"CD27"	1.17737963476527e-07	-1.33531721694745	0.032	0.286	0.00149209321113802	"1"	"CD27"
"G0S2"	1.37695724088762e-07	1.01508832502974	0.147	0.02	0.00174501791137688	"1"	"G0S2"
"PEBP1"	2.87785880490147e-07	-1.17554018009351	0.158	0.417	0.00364711046345163	"1"	"PEBP1"
"PNISR"	3.23106741051335e-07	-1.29448132711607	0.126	0.387	0.00409473172934357	"1"	"PNISR"
"GIMAP5.1"	3.27647294623067e-07	-1.21659400903721	0.095	0.35	0.00415227416475812	"1"	"GIMAP5"
"IL8"	3.8561850733633e-07	1.2587718912068	0.147	0.022	0.00488694334347331	"1"	"IL8"
"CCL5.1"	4.54517543721919e-07	-3.25173001891355	0.116	0.364	0.00576010083158788	"1"	"CCL5"
"SEC11A"	5.17397472282628e-07	1.20835947123709	0.537	0.246	0.00655697816623775	"1"	"SEC11A"
"PIK3IP1.1"	5.84337839953181e-07	-1.27663323664605	0.063	0.305	0.00740531344572666	"1"	"PIK3IP1"
"CST7.1"	6.05881039090792e-07	-2.51433396072052	0.021	0.249	0.00767833040839761	"1"	"CST7"
"PRKCQ-AS1.1"	7.32751058805308e-07	-1.16745509108815	0.011	0.232	0.00928615416823967	"1"	"PRKCQ-AS1"
"CCR7"	1.0076187693388e-06	-1.25158066528413	0.032	0.261	0.0127695526638306	"1"	"CCR7"
"TRAT1.1"	1.33831649658846e-06	-1.0457799775068	0.011	0.224	0.0169604849612655	"1"	"TRAT1"
"GZMA.1"	1.59453941303496e-06	-2.12359431689898	0.032	0.249	0.0202075979813921	"1"	"GZMA"
"SPOCK2.1"	3.28368416608885e-06	-1.07313800631002	0.021	0.23	0.041614129436844	"1"	"SPOCK2"
"TGFB1"	3.40715005583379e-06	1.22174146087983	0.368	0.146	0.0431788126575816	"1"	"TGFB1"
"SKP1"	4.6179608486024e-06	-1.07478563012868	0.284	0.479	0.0585234178343382	"1"	"SKP1"
"BIN1"	4.71414551225961e-06	-1.33614933200327	0.084	0.297	0.059742366076866	"1"	"BIN1"
"PPP2R5C.1"	5.01856015490707e-06	-1.1752221421424	0.074	0.289	0.0636002128431372	"1"	"PPP2R5C"
"CD3G.1"	6.340313476148e-06	-1.08963527497904	0.053	0.269	0.0803507926832236	"1"	"CD3G"
"AQP3.1"	7.47114178174049e-06	-1.13015719305941	0.011	0.199	0.0946817797999972	"1"	"AQP3"
"CASP4"	1.49284789979438e-05	1.10715300498897	0.442	0.227	0.189188614340942	"1"	"CASP4"
"ARHGAP15"	1.49844216363965e-05	-1.02027576353654	0.116	0.328	0.189897575398053	"1"	"ARHGAP15"
"EIF2AK4.1"	2.50008679765675e-05	1.58355076224023	0.074	0.006	0.31683599986704	"1"	"EIF2AK4"
"SAMHD1"	4.20679948067885e-05	1.17711934228521	0.4	0.19	0.533127698186431	"1"	"SAMHD1"
"FAIM3"	5.73554168480604e-05	-1.13971767525415	0.053	0.227	0.72686519771547	"1"	"FAIM3"
"C12orf57.1"	5.94630578673483e-05	-1.23146124291022	0.126	0.317	0.753575332352905	"1"	"C12orf57"
"DENND2D"	9.70474883078881e-05	-1.01561301445633	0.042	0.21	1	"1"	"DENND2D"
"HOPX.1"	0.000165606673217885	-1.13310670462515	0.011	0.154	1	"1"	"HOPX"
"ZAP70.1"	0.000280908472743518	-1.04020224507525	0.021	0.162	1	"1"	"ZAP70"
"DUSP2.1"	0.00028860666793401	-1.09887127807326	0.116	0.289	1	"1"	"DUSP2"
"GZMH.1"	0.000419350976732509	-1.80562335711577	0.021	0.154	1	"1"	"GZMH"
"PRF1.1"	0.000444522197870193	-1.75669268925395	0.063	0.21	1	"1"	"PRF1"
"CD79A.1"	0.000481341159061917	-2.15065360633551	0.053	0.193	1	"1"	"CD79A"
"CAT.1"	0.000501796528746983	1.36483585538845	0.242	0.098	1	"1"	"CAT"
"SND1"	0.000654516398501194	1.14412765808546	0.147	0.048	1	"1"	"SND1"
"ALKBH7"	0.000668503673732543	1.33371176459671	0.358	0.176	1	"1"	"ALKBH7"
"CD79B.1"	0.000783853785313348	-1.56857748320325	0.105	0.252	1	"1"	"CD79B"
"NKG7.1"	0.000847896295701733	-3.51676057954894	0.189	0.325	1	"1"	"NKG7"
"FGFBP2.1"	0.000852589939125895	-1.75222643540411	0.011	0.126	1	"1"	"FGFBP2"
"CD8B.1"	0.000920501258513606	-1.32518535050852	0.032	0.157	1	"1"	"CD8B"
"PPT1"	0.00124786800130585	1.43032287366104	0.274	0.129	1	"1"	"PPT1"
"NCR3"	0.00129055693336967	-1.01448769230754	0	0.101	1	"1"	"NCR3"
"C4orf33"	0.00140973611491197	1.24547942706524	0.074	0.014	1	"1"	"C4orf33"
"ODC1"	0.00307288841463004	-1.08370893763897	0.021	0.123	1	"1"	"ODC1"
"GZMK.1"	0.00347288936048665	-1.43551727716754	0.021	0.12	1	"1"	"GZMK"
"MS4A1.1"	0.00357456164166744	-1.32482444727378	0.074	0.188	1	"1"	"MS4A1"
"TCL1A.1"	0.00416583743724597	-1.69162648394719	0.021	0.118	1	"1"	"TCL1A"
"LINC00926.1"	0.00474735577009745	-1.00367279621731	0.011	0.098	1	"1"	"LINC00926"
"SPON2.1"	0.00548781647872354	-1.03029527347196	0.021	0.112	1	"1"	"SPON2"
"GZMB.1"	0.00858640032846465	-2.42453065942051	0.053	0.148	1	"1"	"GZMB"
"CD79A.2"	1.02252103970631e-77	4.43472274154565	0.967	0.041	1.29584091361981e-73	"2"	"CD79A"
"MS4A1.2"	7.68922030761173e-64	3.39793981826186	0.883	0.054	9.74454889583634e-60	"2"	"MS4A1"
"HLA-DQA1.1"	1.14622136595682e-56	3.23521717386694	0.9	0.079	1.45260633707708e-52	"2"	"HLA-DQA1"
"TCL1A.2"	5.67663499822176e-55	3.93831963558979	0.65	0.013	7.19399953324643e-51	"2"	"TCL1A"
"CD79B.2"	2.72412101299242e-49	3.53609892313361	0.883	0.12	3.4522785597653e-45	"2"	"CD79B"
"LINC00926.2"	7.69108501493435e-45	2.80825738503629	0.533	0.01	9.7469120394263e-41	"2"	"LINC00926"
"HLA-DQB1.1"	3.59715046174501e-43	3.43139342062667	0.817	0.115	4.55866878016945e-39	"2"	"HLA-DQB1"
"VPREB3.1"	1.50077593943365e-42	2.38366626831487	0.467	0.003	1.90193334804426e-38	"2"	"VPREB3"
"BANK1.1"	1.3571335014583e-40	2.16412459161329	0.6	0.033	1.71989528639811e-36	"2"	"BANK1"
"HLA-DQA2.1"	1.00487056687762e-37	2.5329906727599	0.583	0.038	1.27347246940401e-33	"2"	"HLA-DQA2"
"HLA-DRA.1"	1.10175081173369e-35	3.15932769690238	1	0.457	1.3962488037101e-31	"2"	"HLA-DRA"
"CD74.1"	1.57494459052291e-35	3.31377868716676	1	0.824	1.99592727956968e-31	"2"	"CD74"
"HLA-DPB1.1"	2.31346897553018e-32	2.84610057541487	0.983	0.423	2.9318592326894e-28	"2"	"HLA-DPB1"
"FCRLA"	3.10790297209358e-31	1.70923678325273	0.35	0.003	3.93864543653419e-27	"2"	"FCRLA"
"HLA-DRB1.2"	1.79388996571111e-30	2.36590896193703	0.95	0.316	2.27339675354569e-26	"2"	"HLA-DRB1"
"PKIG"	7.89743860016904e-30	1.81184573823355	0.333	0.003	1.00084239379942e-25	"2"	"PKIG"
"HLA-DPA1.2"	5.06502836947429e-29	2.40063088475219	0.967	0.375	6.41891045263476e-25	"2"	"HLA-DPA1"
"FCER2.1"	2.98889769669021e-28	2.11755783227102	0.333	0.005	3.78783005101551e-24	"2"	"FCER2"
"TSPAN13"	4.83931692736547e-28	1.70430859792365	0.317	0.003	6.13286634205026e-24	"2"	"TSPAN13"
"CD37.1"	3.54171650278449e-27	1.93695801602667	0.983	0.724	4.48841732397878e-23	"2"	"CD37"
"PDLIM1"	8.16069401754384e-25	1.7000202051875	0.367	0.018	1.03420475284333e-20	"2"	"PDLIM1"
"SPIB"	1.32966630339969e-23	1.6756966501401	0.283	0.005	1.68508610629842e-19	"2"	"SPIB"
"HLA-DMA.2"	2.18500557441238e-23	1.96325425249072	0.717	0.166	2.7690575644528e-19	"2"	"HLA-DMA"
"CD72"	2.97532563534925e-22	1.5882107242674	0.233	0	3.7706301776781e-18	"2"	"CD72"
"HLA-DRB5.2"	3.25707836851283e-22	2.10686495339113	0.767	0.217	4.12769541641631e-18	"2"	"HLA-DRB5"
"KIAA0125"	4.89683516841072e-22	1.49724283735241	0.25	0.003	6.2057592089269e-18	"2"	"KIAA0125"
"S100A4.2"	4.24686913736277e-21	-3.41388934642534	0.3	0.849	5.38205725777984e-17	"2"	"S100A4"
"SWAP70"	4.46749476108888e-21	1.68470320335268	0.283	0.01	5.66165611072794e-17	"2"	"SWAP70"
"EAF2.1"	4.62442336101974e-20	1.63086562959273	0.367	0.033	5.86053172542031e-16	"2"	"EAF2"
"BLNK"	2.68198914143753e-19	1.23833281610474	0.25	0.008	3.39888483894378e-15	"2"	"BLNK"
"HLA-DOB"	4.68813440924617e-19	1.38598489119425	0.233	0.005	5.94127273683767e-15	"2"	"HLA-DOB"
"PPAPDC1B"	4.77414627988041e-19	1.70853268816059	0.333	0.028	6.05027558049245e-15	"2"	"PPAPDC1B"
"P2RX5"	5.32388363870759e-19	1.486275795438	0.283	0.015	6.74695773533413e-15	"2"	"P2RX5"
"IRF8.1"	3.86440983155098e-18	1.83151020935847	0.417	0.059	4.89736657952456e-14	"2"	"IRF8"
"IGLL5.1"	4.30497797623064e-18	3.11373920455388	0.25	0.01	5.45569858927708e-14	"2"	"IGLL5"
"GNG7"	4.66602118640168e-17	1.52009622864154	0.283	0.02	5.91324864952685e-13	"2"	"GNG7"
"CYB561A3"	5.43474805260575e-17	1.53574886005464	0.367	0.046	6.88745620706727e-13	"2"	"CYB561A3"
"FCRL1"	6.08455257396162e-17	1.35191530591898	0.25	0.013	7.71095347698157e-13	"2"	"FCRL1"
"HVCN1"	6.43992677012202e-17	1.66515900713166	0.4	0.059	8.16131919577563e-13	"2"	"HVCN1"
"S100A6.2"	9.37272301376386e-17	-2.89223621897526	0.283	0.804	1.18780518753429e-12	"2"	"S100A6"
"ARHGAP24"	4.12452507566105e-16	1.24986387268189	0.2	0.005	5.22701062838525e-12	"2"	"ARHGAP24"
"BLK"	4.37235930028333e-16	1.19846333939687	0.2	0.005	5.54109094124906e-12	"2"	"BLK"
"TLR10"	4.91971082251161e-16	1.01646357801524	0.183	0.003	6.23474952536897e-12	"2"	"TLR10"
"PLEKHF2"	9.79627057098266e-16	1.56114829067984	0.35	0.046	1.24148136946063e-11	"2"	"PLEKHF2"
"CD40"	1.2606180091489e-15	1.34411540928351	0.267	0.02	1.5975812029944e-11	"2"	"CD40"
"PNOC"	4.33078774776675e-15	1.21414265119351	0.217	0.01	5.4884073127448e-11	"2"	"PNOC"
"RP5-887A10.1"	1.03944146189282e-14	1.12204372082123	0.15	0	1.31728416465677e-10	"2"	"RP5-887A10.1"
"RALGPS2"	1.15061910473519e-14	1.16186129754027	0.183	0.005	1.45817959143091e-10	"2"	"RALGPS2"
"CD3D.2"	1.41026328206709e-14	-2.94365855883719	0.05	0.61	1.78722665736363e-10	"2"	"CD3D"
"MARCH1"	3.52868661289854e-14	1.55949847691521	0.283	0.031	4.47190454452632e-10	"2"	"MARCH1"
"ANXA1"	6.95825585583893e-14	-2.17692554383415	0.133	0.679	8.81819764610468e-10	"2"	"ANXA1"
"HLA-DMB.1"	1.03122264032546e-13	2.1621402405559	0.483	0.115	1.30686845208445e-09	"2"	"HLA-DMB"
"HCST"	3.78114063438791e-13	-2.33289032337643	0.05	0.582	4.79183952595979e-09	"2"	"HCST"
"BCL7A"	4.64735989535692e-13	1.04645856859336	0.15	0.003	5.88959919538582e-09	"2"	"BCL7A"
"MEF2C"	4.69151714176275e-13	1.39740900187628	0.283	0.036	5.94555967375593e-09	"2"	"MEF2C"
"IL32.2"	5.02714161420794e-13	-2.66037671011196	0.117	0.638	6.37089656768572e-09	"2"	"IL32"
"GIMAP7.2"	2.15980912105668e-12	-2.16864268559623	0.05	0.582	2.73712609911513e-08	"2"	"GIMAP7"
"SNX22"	2.45311965532699e-12	1.19407876754134	0.183	0.01	3.10883853919589e-08	"2"	"SNX22"
"ISG20.1"	3.26274055791207e-12	1.20512339638828	0.767	0.388	4.13487110904196e-08	"2"	"ISG20"
"TPD52"	9.79713795450308e-12	1.21178861436031	0.25	0.031	1.24159129297418e-07	"2"	"TPD52"
"C16orf74.1"	1.22249078073449e-11	2.02262727573538	0.233	0.026	1.54926256642482e-07	"2"	"C16orf74"
"S100A10.1"	1.23789200804396e-11	-1.88355098647211	0.233	0.691	1.56878054179411e-07	"2"	"S100A10"
"SRGN"	1.4535980564573e-11	-2.18822355016668	0.2	0.661	1.84214481694834e-07	"2"	"SRGN"
"PLD4"	4.62397424921695e-11	1.01165405610218	0.2	0.018	5.85996256603265e-07	"2"	"PLD4"
"GIMAP4.1"	1.27003101187667e-10	-1.93794236764827	0.033	0.505	1.6095103013513e-06	"2"	"GIMAP4"
"CD3E.2"	1.32658644492272e-10	-1.94877098559311	0.117	0.571	1.68118300165057e-06	"2"	"CD3E"
"S100A11.2"	3.34422758483737e-10	-2.28591422019972	0.133	0.574	4.2381396182644e-06	"2"	"S100A11"
"LDHB.2"	1.40948958217955e-09	-1.64720988974008	0.367	0.74	1.78624614749615e-05	"2"	"LDHB"
"ADAM28"	2.07113551245543e-09	1.10651851538651	0.167	0.015	2.62475003493477e-05	"2"	"ADAM28"
"QRSL1"	2.17246140140326e-09	1.0802925695331	0.233	0.036	2.75316033399836e-05	"2"	"QRSL1"
"RGS10"	2.32797609956416e-09	-1.96699411428409	0.017	0.436	2.95024411097766e-05	"2"	"RGS10"
"SMIM14"	3.17872355037815e-09	1.2038511586359	0.283	0.059	4.02839635539423e-05	"2"	"SMIM14"
"GGA2"	3.98926018602307e-09	1.01085541712949	0.2	0.026	5.05558943374703e-05	"2"	"GGA2"
"IGJ"	4.14163089364602e-09	1.18044424023683	0.133	0.008	5.2486888315176e-05	"2"	"IGJ"
"CXCR4.1"	6.7080785194388e-09	1.35304437756955	0.8	0.574	8.50114790768479e-05	"2"	"CXCR4"
"LY86.2"	7.35017161222881e-09	1.19519730554325	0.4	0.117	9.31487248417758e-05	"2"	"LY86"
"BACE2"	9.58299405446606e-09	2.46027391043054	0.083	0	0.000121445283652248	"2"	"BACE2"
"CXXC5"	1.45638120326418e-08	1.0510388909747	0.233	0.041	0.000184567189889669	"2"	"CXXC5"
"CD2.2"	1.7552509436018e-08	-2.05505954419557	0.017	0.393	0.000222442952082656	"2"	"CD2"
"IL7R.2"	2.73059849292319e-08	-1.93683741553526	0.067	0.452	0.000346048747008156	"2"	"IL7R"
"LCK.2"	4.79935588653932e-08	-1.59312135121624	0.033	0.418	0.000608222371501128	"2"	"LCK"
"EIF4A1"	4.99539394223104e-08	-1.2523723529656	0.317	0.704	0.00063306627429894	"2"	"EIF4A1"
"BTK"	6.29005114447409e-08	1.06520015367422	0.2	0.033	0.000797138181539202	"2"	"BTK"
"SYPL1"	8.54690761894649e-08	1.16420789689937	0.333	0.099	0.00108314960254909	"2"	"SYPL1"
"LGALS1.2"	1.57414825422203e-07	-2.61941991585539	0.133	0.49	0.00199491808257558	"2"	"LGALS1"
"IFITM1.2"	1.72307876764091e-07	-1.59638850739942	0.133	0.503	0.00218365772223132	"2"	"IFITM1"
"RARRES3.2"	2.52592324140473e-07	-1.60725242498583	0.15	0.495	0.00320110252383222	"2"	"RARRES3"
"FYB"	2.73621465986456e-07	-1.63974763511902	0.05	0.395	0.00346760483844636	"2"	"FYB"
"AIF1.2"	5.00234242384014e-07	-2.57085151341029	0.05	0.38	0.00633946855373261	"2"	"AIF1"
"CD7.2"	5.74519477792819e-07	-1.60342746194017	0.067	0.411	0.0072808853420684	"2"	"CD7"
"NOSIP"	5.98349430021194e-07	-1.58802064168052	0.117	0.462	0.00758288232665859	"2"	"NOSIP"
"GIMAP1"	9.50859224839062e-07	-1.37439211669646	0.033	0.355	0.0120502389563854	"2"	"GIMAP1"
"TIMP1.2"	1.1815295704754e-06	-1.72869499989184	0.017	0.327	0.0149735242466347	"2"	"TIMP1"
"RNASE6.1"	1.20727947683821e-06	1.08885000155796	0.267	0.074	0.0152998528099706	"2"	"RNASE6"
"FCER1G.2"	1.86143939769217e-06	-2.38501692500703	0.067	0.372	0.0235900214869529	"2"	"FCER1G"
"IFI6.1"	1.97774201765976e-06	-1.7415267967034	0.067	0.383	0.0250639245898021	"2"	"IFI6"
"NKG7.2"	2.16949165634692e-06	-3.91656102433692	0.033	0.337	0.0274939677608845	"2"	"NKG7"
"TYROBP.2"	2.20387957623876e-06	-3.08231056579166	0.1	0.403	0.0279297658696738	"2"	"TYROBP"
"CTSW.2"	2.77609683652475e-06	-2.12896550898692	0.05	0.362	0.0351814752092782	"2"	"CTSW"
"NCF1.1"	3.47457455674907e-06	1.10835073954211	0.317	0.11	0.0440332833576809	"2"	"NCF1"
"CD247.2"	3.62135931134477e-06	-1.80221030912875	0.017	0.298	0.0458934865526723	"2"	"CD247"
"LAT2.1"	6.37624987993399e-06	2.1427611950053	0.217	0.056	0.0808062147284034	"2"	"LAT2"
"MT2A"	9.96972336203755e-06	-1.56357103992843	0.033	0.306	0.126346304167102	"2"	"MT2A"
"CD3G.2"	1.03791608718432e-05	-1.39576510999259	0	0.258	0.131535105728869	"2"	"CD3G"
"EMP3"	1.10050146394372e-05	-1.00075094872673	0.533	0.786	0.139466550525588	"2"	"EMP3"
"GIMAP5.2"	1.15816251069219e-05	-1.31280615641363	0.05	0.334	0.146773934980021	"2"	"GIMAP5"
"ADK"	1.16187487970693e-05	1.03974568838477	0.25	0.077	0.147244403505259	"2"	"ADK"
"RAC1.2"	1.17175206449612e-05	-1.44112478374056	0.133	0.426	0.148496139133593	"2"	"RAC1"
"VIM.1"	1.19653889755547e-05	-1.07262538074426	0.617	0.796	0.151637374487205	"2"	"VIM"
"SNHG7"	1.37948464674071e-05	1.13223686156875	0.45	0.219	0.17482208928145	"2"	"SNHG7"
"ARPC1B.1"	1.48193853986713e-05	-1.0854910035479	0.467	0.742	0.187806071157361	"2"	"ARPC1B"
"ZFP36L2"	1.5659988535407e-05	-1.02988215642538	0.417	0.686	0.198459034709213	"2"	"ZFP36L2"
"ID2"	1.59205423998433e-05	-1.41689017211868	0.1	0.388	0.201761033833214	"2"	"ID2"
"CTSD.1"	1.70443427082937e-05	-1.3935630607263	0	0.247	0.216002955142206	"2"	"CTSD"
"ITGB2"	2.05836530150228e-05	-1.0729899891419	0.183	0.497	0.260856634659384	"2"	"ITGB2"
"TSPO.2"	2.55799880297628e-05	-1.30813282436161	0.2	0.485	0.324175188301184	"2"	"TSPO"
"GZMA.2"	3.13485257361702e-05	-2.16478806649219	0	0.235	0.397279866654485	"2"	"GZMA"
"FCN1.2"	3.17714088591684e-05	-2.57833728448709	0.05	0.298	0.402639064472241	"2"	"FCN1"
"DOK2"	3.86490455460215e-05	-1.24481993635211	0.017	0.253	0.48979935420473	"2"	"DOK2"
"LAT.2"	4.63885104953767e-05	-1.12673732553244	0.017	0.26	0.587881593507909	"2"	"LAT"
"SNX2"	5.19723381558095e-05	1.0616425531415	0.333	0.148	0.658645441448574	"2"	"SNX2"
"ANXA2.2"	5.51309773764022e-05	-1.35343606458107	0.183	0.431	0.698674876291144	"2"	"ANXA2"
"GZMM.2"	5.70005149653967e-05	-1.29258590787701	0.017	0.255	0.722367526156472	"2"	"GZMM"
"CALM3"	5.79836871159491e-05	-1.18416474516284	0.1	0.37	0.734827266820423	"2"	"CALM3"
"LGALS3.2"	7.05299304724699e-05	-1.50026483588548	0.033	0.27	0.89382580887761	"2"	"LGALS3"
"GLRX"	7.36247407398521e-05	-1.2135082732423	0.117	0.383	0.933046339396146	"2"	"GLRX"
"PRKCQ-AS1.2"	8.11566125148966e-05	-1.14251022862973	0	0.214	1	"2"	"PRKCQ-AS1"
"SAMHD1.1"	8.66968783520686e-05	-1.26675240120023	0.033	0.265	1	"2"	"SAMHD1"
"AMICA1.1"	9.09808106593602e-05	-1.13649970455519	0.033	0.27	1	"2"	"AMICA1"
"LYZ.2"	9.31556228779444e-05	-3.52715314527077	0.4	0.63	1	"2"	"LYZ"
"LGALS2.2"	0.000106425572223767	-2.0174850361074	0.017	0.235	1	"2"	"LGALS2"
"FYN"	0.000129213301254092	-1.07819770917255	0	0.204	1	"2"	"FYN"
"CSTB.1"	0.00016512552056922	-1.00631724795534	0.117	0.37	1	"2"	"CSTB"
"CD63"	0.000169951621134615	-1.10784070742949	0.133	0.372	1	"2"	"CD63"
"VAMP8"	0.000182461209646726	-1.22130569476944	0.267	0.5	1	"2"	"VAMP8"
"S100A8.2"	0.00021368827743805	-3.78884843428603	0.067	0.278	1	"2"	"S100A8"
"CST3.2"	0.000247230883512352	-3.02064924417138	0.167	0.383	1	"2"	"CST3"
"PRKCB"	0.000255959991737961	1.42417073831568	0.267	0.112	1	"2"	"PRKCB"
"CEBPD.2"	0.000256161633399351	-1.39618463119378	0.033	0.242	1	"2"	"CEBPD"
"CFD.2"	0.000271715893009648	-1.5758712960271	0.033	0.237	1	"2"	"CFD"
"SNX3"	0.000298124508517943	1.02413735319048	0.617	0.434	1	"2"	"SNX3"
"BIRC3"	0.000310137242107341	1.04095986141457	0.267	0.11	1	"2"	"BIRC3"
"CST7.2"	0.000362290393010765	-2.3144716907465	0.033	0.227	1	"2"	"CST7"
"IFITM3.2"	0.00036319880271712	-1.51812950231872	0.017	0.209	1	"2"	"IFITM3"
"RAP1B"	0.000366854150744898	-1.0437009820901	0.15	0.375	1	"2"	"RAP1B"
"TYMP.2"	0.000369125749169636	-1.6046427868947	0.117	0.339	1	"2"	"TYMP"
"LST1.2"	0.000420904586724173	-2.03502090543381	0.117	0.327	1	"2"	"LST1"
"TALDO1.2"	0.000454857482787225	-1.33021066757379	0.15	0.39	1	"2"	"TALDO1"
"MYO1F"	0.000487383518688715	-1.01793883357991	0.05	0.258	1	"2"	"MYO1F"
"SEPW1"	0.000496137769035226	-1.23885964248395	0.05	0.247	1	"2"	"SEPW1"
"CD14.2"	0.000501344244346079	-1.37908689177726	0	0.173	1	"2"	"CD14"
"WDR1"	0.00061974025380807	-1.11356405596589	0.05	0.258	1	"2"	"WDR1"
"CTSC"	0.000706797531330003	-1.0935074654392	0.05	0.242	1	"2"	"CTSC"
"RGCC"	0.000783900800515082	-1.00286062939784	0.067	0.268	1	"2"	"RGCC"
"ARL4C.1"	0.000822010352092179	-1.01427078937225	0.033	0.222	1	"2"	"ARL4C"
"CORO1B"	0.000867746985748039	-1.07040231615593	0	0.161	1	"2"	"CORO1B"
"BLVRB.2"	0.000963854830202645	-1.0103500005215	0.017	0.186	1	"2"	"BLVRB"
"ISG15.1"	0.00098844388306264	-1.14436026986084	0.2	0.426	1	"2"	"ISG15"
"MAP3K8"	0.00101601163334655	2.41942752101643	0.117	0.028	1	"2"	"MAP3K8"
"GSTP1.2"	0.0010755129080164	-1.50332355996838	0.267	0.464	1	"2"	"GSTP1"
"CCL3.1"	0.00107797556458854	-1.76301826175271	0	0.156	1	"2"	"CCL3"
"H2AFY.1"	0.00120187860973206	-1.03985399413722	0.1	0.293	1	"2"	"H2AFY"
"GZMB.2"	0.00148874091122733	-2.67026093044939	0	0.148	1	"2"	"GZMB"
"CCL5.2"	0.00153624474493969	-2.73529943443083	0.15	0.337	1	"2"	"CCL5"
"S100A9.2"	0.00169482466087819	-3.99566976152919	0.167	0.347	1	"2"	"S100A9"
"BRI3.2"	0.00172416403213326	-1.00522518345973	0.033	0.196	1	"2"	"BRI3"
"GIMAP2"	0.00197193818363098	-1.1466232277849	0.033	0.202	1	"2"	"GIMAP2"
"ARRB2.1"	0.00202888492453102	-1.18350741389979	0.067	0.235	1	"2"	"ARRB2"
"TNFSF10.1"	0.00207173376244379	-1.00933144890059	0.033	0.199	1	"2"	"TNFSF10"
"STX11.2"	0.00312679378593607	-1.10838618773823	0	0.13	1	"2"	"STX11"
"SERPINA1.2"	0.00324321941721757	-1.09423021624468	0.067	0.23	1	"2"	"SERPINA1"
"COTL1.2"	0.00390961997806512	-1.15539605885552	0.433	0.617	1	"2"	"COTL1"
"PRF1.2"	0.00415883181624554	-1.5260660040753	0.05	0.199	1	"2"	"PRF1"
"CD8B.2"	0.00436203522440042	-1.33478837732458	0.017	0.148	1	"2"	"CD8B"
"FGFBP2.2"	0.00526635473275376	-1.70408659915879	0	0.117	1	"2"	"FGFBP2"
"GZMH.2"	0.00640745373542238	-1.57499410324151	0.017	0.143	1	"2"	"GZMH"
"FCGR3A"	0.00658321163779711	-1.46823032812415	0.033	0.163	1	"2"	"FCGR3A"
"CDA.2"	0.00669904412962137	-1.14720424146896	0.017	0.143	1	"2"	"CDA"
"PSAP.2"	0.00678332524171577	-1.16756650875664	0.333	0.5	1	"2"	"PSAP"
"MS4A6A.2"	0.00686341203180275	-1.36324510308575	0.033	0.163	1	"2"	"MS4A6A"
"SPON2.2"	0.00795542234142439	-1.05712650563202	0	0.107	1	"2"	"SPON2"
